{"playback_info": {"interruptions": {"total_duration": 0, "events": [], "count": 0}, "up_shifts": 18, "initial_buffering_duration": 0.3266599178314209, "end_time": null, "start_time": 1545236860.93374, "down_shifts": 0}, "segment_info": [["BigBuckBunny_4s_init.mp4", 45226, 877, 0.2294724480016157], ["BigBuckBunny_4s1.m4s", 45226.0, 21660, 0.21506605700415093], ["BigBuckBunny_4s2.m4s", 88783.0, 46329, 0.23541900199779775], ["BigBuckBunny_4s3.m4s", 128503.0, 74517, 0.23724279200541787], ["BigBuckBunny_4s4.m4s", 177437.0, 92784, 0.32165772099688184], ["BigBuckBunny_4s5.m4s", 217761.0, 103683, 0.30288401900907047], ["BigBuckBunny_4s6.m4s", 255865.0, 98419, 0.7157768170000054], ["BigBuckBunny_4s7.m4s", 323047.0, 194565, 0.4987316969927633], ["BigBuckBunny_4s8.m4s", 378355.0, 240259, 0.5251650259888265], ["BigBuckBunny_4s9.m4s", 509091.0, 266242, 0.7602382909972221], ["BigBuckBunny_4s10.m4s", 577751.0, 342236, 0.7487224840006093], ["BigBuckBunny_4s11.m4s", 782553.0, 431433, 0.8925963009969564], ["BigBuckBunny_4s12.m4s", 1008699.0, 587156, 1.8381677440047497], ["BigBuckBunny_4s13.m4s", 1207152.0, 722999, 1.2975938960007625], ["BigBuckBunny_4s14.m4s", 1473801.0, 1002595, 1.8299025180022], ["BigBuckBunny_4s15.m4s", 2087347.0, 619137, 1.1593081230093958], ["BigBuckBunny_4s16.m4s", 2409742.0, 1052027, 1.8961520619923249], ["BigBuckBunny_4s17.m4s", 2944291.0, 1620641, 2.357039717011503], ["BigBuckBunny_4s18.m4s", 3340509.0, 1279121, 2.2027254949935013], ["BigBuckBunny_4s19.m4s", 3613836.0, 1773193, 2.4256415419949917]], "playback_type": "basic", "video_metadata": {"mpd_file": "BigBuckBunny_4s.mpd", "playback_duration": 596.46, "available_bitrates": [45226, 88783, 128503, 177437, 217761, 255865, 323047, 378355, 509091, 577751, 782553, 1008699, 1207152, 1473801, 2087347, 2409742, 2944291, 3340509, 3613836, 3936261]}}