{"playback_type": "basic", "playback_info": {"interruptions": {"total_duration": 0, "count": 0, "events": []}, "down_shifts": 35, "up_shifts": 64, "initial_buffering_duration": 0.8809740543365479, "start_time": 1545288215.840477, "end_time": null}, "segment_info": [["BigBuckBunny_4s_init.mp4", 45226, 877, 0.7689119889982976], ["BigBuckBunny_4s1.m4s", 45226.0, 21660, 0.1302689099975396], ["BigBuckBunny_4s2.m4s", 88783.0, 46329, 0.1791979980043834], ["BigBuckBunny_4s3.m4s", 128503.0, 74517, 0.22284806999959983], ["BigBuckBunny_4s4.m4s", 177437.0, 92784, 0.2652552090003155], ["BigBuckBunny_4s5.m4s", 217761.0, 103683, 0.3209737809957005], ["BigBuckBunny_4s6.m4s", 255865.0, 98419, 0.38300020100723486], ["BigBuckBunny_4s7.m4s", 323047.0, 194565, 0.5914705030008918], ["BigBuckBunny_4s8.m4s", 378355.0, 240259, 0.573584320009104], ["BigBuckBunny_4s9.m4s", 509091.0, 266242, 0.5454702769930009], ["BigBuckBunny_4s10.m4s", 577751.0, 342236, 0.6776453030033736], ["BigBuckBunny_4s11.m4s", 782553.0, 431433, 0.8301089839951601], ["BigBuckBunny_4s12.m4s", 1008699.0, 587156, 1.1459618250082713], ["BigBuckBunny_4s13.m4s", 1207152.0, 722999, 1.342195074990741], ["BigBuckBunny_4s14.m4s", 1473801.0, 1002595, 1.8702079429931473], ["BigBuckBunny_4s15.m4s", 2087347.0, 619137, 1.1678147540078498], ["BigBuckBunny_4s16.m4s", 2409742.0, 1052027, 1.8765650639979867], ["BigBuckBunny_4s17.m4s", 2944291.0, 1620641, 2.2429406520095654], ["BigBuckBunny_4s18.m4s", 3340509.0, 1279121, 2.1178763209900353], ["BigBuckBunny_4s19.m4s", 3613836.0, 1773193, 2.5740970650076633], ["BigBuckBunny_4s20.m4s", 3936261.0, 4139165, 7.703410443995381], ["BigBuckBunny_4s21.m4s", 3936261.0, 1619681, 2.9356687369872816], ["BigBuckBunny_4s22.m4s", 3936261.0, 650867, 1.2213278569979593], ["BigBuckBunny_4s23.m4s", 3613836.0, 1115802, 2.0068073669972364], ["BigBuckBunny_4s24.m4s", 3936261.0, 572511, 1.1058782479958609], ["BigBuckBunny_4s25.m4s", 3340509.0, 770817, 1.5175392859964631], ["BigBuckBunny_4s26.m4s", 3613836.0, 1243949, 2.228483444006997], ["BigBuckBunny_4s27.m4s", 3340509.0, 954372, 1.8542580860084854], ["BigBuckBunny_4s28.m4s", 3613836.0, 871950, 1.3953990089939907], ["BigBuckBunny_4s29.m4s", 3936261.0, 1630472, 2.680011292992276], ["BigBuckBunny_4s30.m4s", 3613836.0, 2592034, 4.233777768997243], ["BigBuckBunny_4s31.m4s", 3936261.0, 1965084, 3.2779016549902735], ["BigBuckBunny_4s32.m4s", 3936261.0, 1476963, 2.3727384340018034], ["BigBuckBunny_4s33.m4s", 3936261.0, 1407506, 2.287423386995215], ["BigBuckBunny_4s34.m4s", 3936261.0, 1679963, 2.6957480019918876], ["BigBuckBunny_4s35.m4s", 3936261.0, 1727194, 2.770752772994456], ["BigBuckBunny_4s36.m4s", 3936261.0, 1877015, 3.053044853004394], ["BigBuckBunny_4s37.m4s", 3936261.0, 1584904, 2.8112156559946015], ["BigBuckBunny_4s38.m4s", 3936261.0, 1477670, 2.4029126829991583], ["BigBuckBunny_4s39.m4s", 3936261.0, 1662175, 2.9647443290014053], ["BigBuckBunny_4s40.m4s", 3936261.0, 771265, 1.486565415005316], ["BigBuckBunny_4s41.m4s", 3613836.0, 1725440, 2.7319644239905756], ["BigBuckBunny_4s42.m4s", 3936261.0, 1228528, 2.639377451996552], ["BigBuckBunny_4s43.m4s", 3613836.0, 1113703, 2.0279608910059324], ["BigBuckBunny_4s44.m4s", 3936261.0, 889868, 1.6281753439980093], ["BigBuckBunny_4s45.m4s", 3613836.0, 1723411, 2.817944713999168], ["BigBuckBunny_4s46.m4s", 3936261.0, 2135433, 3.2798899769986747], ["BigBuckBunny_4s47.m4s", 3613836.0, 2161344, 3.436336566999671], ["BigBuckBunny_4s48.m4s", 3936261.0, 1028493, 1.9668057060043793], ["BigBuckBunny_4s49.m4s", 3936261.0, 2478806, 4.069017272006022], ["BigBuckBunny_4s50.m4s", 3936261.0, 1392566, 2.365595013005077], ["BigBuckBunny_4s51.m4s", 3936261.0, 1181231, 2.005221507992246], ["BigBuckBunny_4s52.m4s", 3936261.0, 1191607, 1.9789325800084043], ["BigBuckBunny_4s53.m4s", 3613836.0, 2139674, 3.248994296998717], ["BigBuckBunny_4s54.m4s", 3936261.0, 2146820, 3.2751447600021493], ["BigBuckBunny_4s55.m4s", 3936261.0, 1358854, 2.2326955370081123], ["BigBuckBunny_4s56.m4s", 3936261.0, 904852, 1.6509697589935968], ["BigBuckBunny_4s57.m4s", 3936261.0, 2531784, 4.653346044011414], ["BigBuckBunny_4s58.m4s", 3936261.0, 1333306, 16.01462032800191], ["BigBuckBunny_4s59.m4s", 1473801.0, 550690, 3.7244979289971525], ["BigBuckBunny_4s60.m4s", 2087347.0, 953553, 15.090042302006623], ["BigBuckBunny_4s61.m4s", 1008699.0, 508846, 6.994703033997212], ["BigBuckBunny_4s62.m4s", 782553.0, 408538, 0.9339525639952626], ["BigBuckBunny_4s63.m4s", 577751.0, 291815, 1.1450485829991521], ["BigBuckBunny_4s64.m4s", 782553.0, 405276, 3.2591574800026137], ["BigBuckBunny_4s65.m4s", 577751.0, 268670, 1.4783605609991355], ["BigBuckBunny_4s66.m4s", 782553.0, 353456, 0.6893463019951014], ["BigBuckBunny_4s67.m4s", 1008699.0, 505334, 1.1807816999935312], ["BigBuckBunny_4s68.m4s", 1207152.0, 695216, 3.4643759409955237], ["BigBuckBunny_4s69.m4s", 1473801.0, 938715, 1.7936406090011587], ["BigBuckBunny_4s70.m4s", 2087347.0, 1098988, 3.784955922004883], ["BigBuckBunny_4s71.m4s", 2409742.0, 1352384, 2.2371556849975605], ["BigBuckBunny_4s72.m4s", 2944291.0, 1281450, 2.318202968002879], ["BigBuckBunny_4s73.m4s", 2409742.0, 977059, 3.6684379470098065], ["BigBuckBunny_4s74.m4s", 2944291.0, 1689363, 3.333916727991891], ["BigBuckBunny_4s75.m4s", 2409742.0, 1049626, 2.0607460560131585], ["BigBuckBunny_4s76.m4s", 2944291.0, 1420884, 2.4080761880031787], ["BigBuckBunny_4s77.m4s", 3340509.0, 1950393, 3.2481458319962258], ["BigBuckBunny_4s78.m4s", 2944291.0, 1642113, 3.020348088000901], ["BigBuckBunny_4s79.m4s", 3340509.0, 2501770, 4.1482226270018145], ["BigBuckBunny_4s80.m4s", 3613836.0, 2120490, 3.4612649730115663], ["BigBuckBunny_4s81.m4s", 3936261.0, 2113082, 3.187149435005267], ["BigBuckBunny_4s82.m4s", 3936261.0, 2402861, 3.7489002460060874], ["BigBuckBunny_4s83.m4s", 3936261.0, 1958415, 3.1049975820060354], ["BigBuckBunny_4s84.m4s", 3936261.0, 1568346, 2.5236227639979916], ["BigBuckBunny_4s85.m4s", 3936261.0, 1094054, 1.883462554003927], ["BigBuckBunny_4s86.m4s", 3936261.0, 2310130, 3.6436134499963373], ["BigBuckBunny_4s87.m4s", 3936261.0, 3765080, 6.484042098993086], ["BigBuckBunny_4s88.m4s", 3936261.0, 3860288, 6.434772623993922], ["BigBuckBunny_4s89.m4s", 3936261.0, 3135697, 4.915714139002375], ["BigBuckBunny_4s90.m4s", 3936261.0, 3519705, 5.179566626000451], ["BigBuckBunny_4s91.m4s", 3936261.0, 2917959, 6.955827654994209], ["BigBuckBunny_4s92.m4s", 3613836.0, 3032560, 4.793152551996172], ["BigBuckBunny_4s93.m4s", 3936261.0, 2913249, 6.266158750993782], ["BigBuckBunny_4s94.m4s", 3613836.0, 1595694, 2.5737066039873753], ["BigBuckBunny_4s95.m4s", 3936261.0, 1652611, 2.719013656998868], ["BigBuckBunny_4s96.m4s", 3340509.0, 1171790, 2.5138482710026437], ["BigBuckBunny_4s97.m4s", 3613836.0, 656506, 1.2421201539982576], ["BigBuckBunny_4s98.m4s", 3340509.0, 1019155, 1.8605306899989955], ["BigBuckBunny_4s99.m4s", 3613836.0, 1155818, 2.064730370999314], ["BigBuckBunny_4s100.m4s", 3936261.0, 1344705, 2.2799122410069685], ["BigBuckBunny_4s101.m4s", 3340509.0, 864215, 1.665876187995309], ["BigBuckBunny_4s102.m4s", 3613836.0, 1255374, 2.4822328580048634], ["BigBuckBunny_4s103.m4s", 3936261.0, 1711822, 3.557643330001156], ["BigBuckBunny_4s104.m4s", 3340509.0, 1593328, 2.9346861119993264], ["BigBuckBunny_4s105.m4s", 3613836.0, 1166228, 2.227387071994599], ["BigBuckBunny_4s106.m4s", 3340509.0, 2495881, 4.331858307006769], ["BigBuckBunny_4s107.m4s", 3613836.0, 2276817, 4.252016524013015], ["BigBuckBunny_4s108.m4s", 3340509.0, 1790375, 2.9608081949991174], ["BigBuckBunny_4s109.m4s", 3613836.0, 2557906, 3.9999698149913456], ["BigBuckBunny_4s110.m4s", 3936261.0, 1596320, 2.6405280949984444], ["BigBuckBunny_4s111.m4s", 3613836.0, 1610747, 2.6529569850099506], ["BigBuckBunny_4s112.m4s", 3936261.0, 1718209, 2.810404831994674], ["BigBuckBunny_4s113.m4s", 3936261.0, 916797, 1.7846926909987815], ["BigBuckBunny_4s114.m4s", 3936261.0, 922629, 1.7401948199985782], ["BigBuckBunny_4s115.m4s", 3613836.0, 1525264, 2.698568713996792], ["BigBuckBunny_4s116.m4s", 3936261.0, 2247333, 